{
  "lang":"en",
  "name":"pipeline",
  "version":"0.0.0",
  "spacy_version":">=3.3.1,<3.4.0",
  "description":"",
  "author":"",
  "email":"",
  "url":"",
  "license":"",
  "spacy_git_version":"5fb597f77",
  "vectors":{
    "width":0,
    "vectors":0,
    "keys":0,
    "name":null,
    "mode":"default"
  },
  "labels":{
    "tok2vec":[

    ],
    "ner":[
      "B"
    ]
  },
  "pipeline":[
    "tok2vec",
    "ner"
  ],
  "components":[
    "tok2vec",
    "ner"
  ],
  "disabled":[

  ],
  "performance":{
    "ents_f":0.9871794872,
    "ents_p":1.0,
    "ents_r":0.9746835443,
    "ents_per_type":{
      "B-NUMBER":{
        "p":1.0,
        "r":0.9523809524,
        "f":0.9756097561
      },
      "B-NAME":{
        "p":1.0,
        "r":1.0,
        "f":1.0
      },
      "B-DATE":{
        "p":1.0,
        "r":1.0,
        "f":1.0
      },
      "B-TOTAL":{
        "p":1.0,
        "r":1.0,
        "f":1.0
      },
      "I-NUMBER":{
        "p":0.0,
        "r":0.0,
        "f":0.0
      }
    },
    "tok2vec_loss":0.0000006075,
    "ner_loss":0.000001262
  }
}